id,name,object_type,diameter_m,velocity_km_s,distance_km,is_hazardous,kinetic_energy_mt,threat_level,size_category,period_years,eccentricity,inclination_deg,moid_au,is_asteroid,is_comet
2000433,433 Eros (A898 PA),asteroid,35937,5.5786191875,47112732.928149395,0,271129702.09555453,4,huge,,,,,1,0
2000719,719 Albert (A911 TB),asteroid,3277,3.446029003,255628984.35594097,0,78445.02147999499,4,huge,,,,,1,0
2000887,887 Alinda (A918 AA),asteroid,7439,7.095973685,20461808.70383613,0,3891041.601845715,4,huge,,,,,1,0
2001036,1036 Ganymed (A924 UB),asteroid,62740,6.3038664111,292651826.17328167,0,1842238062.2993832,4,huge,,,,,1,0
2001221,1221 Amor (1932 EA1),asteroid,1444,10.7701740589,27512874.49403824,0,65560.94869245542,4,huge,,,,,1,0
2001566,1566 Icarus (1949 MA),asteroid,2126,27.0080561011,12638658.792139495,1,1315753.8218924014,4,huge,,,,,1,0
2001580,1580 Betulia (1950 KA),asteroid,5147,11.3576547268,276689988.3291326,0,3301703.2270872365,4,huge,,,,,1,0
2001620,1620 Geographos (1951 RA),asteroid,3798,11.7628115427,5071250.986983104,1,1422935.992566011,4,huge,,,,,1,0
2001627,1627 Ivar (1929 SH),asteroid,11900,6.5498704866,24911350.809696373,0,13570770.775056696,4,huge,,,,,1,0
2001685,1685 Toro (1948 OA),asteroid,5992,16.1350821461,26483636.64554235,0,10513709.697360398,4,huge,,,,,1,0
2001862,1862 Apollo (1932 HA),asteroid,2615,11.6407136972,9839828.72675955,1,454854.50553064875,4,huge,,,,,1,0
2001863,1863 Antinous (1948 EA),asteroid,3480,18.0795126569,13378690.522801436,0,2585886.0104965074,4,huge,,,,,1,0
2001864,1864 Daedalus (1971 FA),asteroid,4630,21.1217901741,22024825.739892863,0,8311944.343339203,4,huge,,,,,1,0
2001865,1865 Cerberus (1971 UA),asteroid,1886,20.574000903,15819539.497497234,0,533041.2022969412,4,huge,,,,,1,0
2001866,1866 Sisyphus (1972 XA),asteroid,13726,23.0737678663,29534088.129173607,0,258444460.15994442,4,huge,,,,,1,0
2001915,1915 Quetzalcoatl (1953 EA),asteroid,907,15.120986141,3789658.286758657,0,32024.348066136565,4,large,,,,,1,0
2001916,1916 Boreas (1953 RA),asteroid,4462,20,100000,0,6670323.464131808,4,huge,,,,,1,0
2001917,1917 Cuyo (1968 AA),asteroid,5722,15.2344898243,16872242.23565602,0,8162018.898921281,4,huge,,,,,1,0
2001943,1943 Anteros (1973 EC),asteroid,3130,7.2023034103,18431472.81498497,0,298589.1647283954,4,huge,,,,,1,0
2001980,1980 Tezcatlipoca (1950 LA),asteroid,7439,20,100000,0,30910204.117218018,4,huge,,,,,1,0
2001981,1981 Midas (1973 EA),asteroid,3833,31.4029234455,23199847.01189949,1,10424490.1713325,4,huge,,,,,1,0
2002059,2059 Baboquivari (1963 UA),asteroid,2739,3.2390038886,207416502.58300328,0,40466.6488751291,4,huge,,,,,1,0
2002061,2061 Anza (1960 UA),asteroid,1966,6.8951216486,10260841.11471333,0,67816.06890436809,4,huge,,,,,1,0
2002062,2062 Aten (1976 AA),asteroid,1628,11.2688208334,18835343.845160324,0,102853.32953056092,4,huge,,,,,1,0
2002063,2063 Bacchus (1977 HB),asteroid,1554,10.3891121599,9959874.764243582,0,76034.04906055945,4,huge,,,,,1,0
2002100,2100 Ra-Shalom (1978 RA),asteroid,2418,17.9951279067,12234205.272737717,0,859363.6326971896,4,huge,,,,,1,0
2002101,2101 Adonis (1936 CA),asteroid,786,19.3298299696,28140949.153484065,1,34058.217245840846,4,large,,,,,1,0
2002102,2102 Tantalus (1975 YA),asteroid,2714,33.9011179621,10979848.95911695,1,4312764.817264779,4,huge,,,,,1,0
2002135,2135 Aristaeus (1977 HA),asteroid,1056,27.4377860884,71380028.48041442,1,166413.32265345182,4,huge,,,,,1,0
2002201,2201 Oljato (1947 XC),asteroid,3711,25.3456267744,25845171.89043248,1,6162786.738555121,4,huge,,,,,1,0
2002202,2202 Pele (1972 RA),asteroid,1728,6.4939303073,22477105.54873577,0,40845.54233715603,4,huge,,,,,1,0
2002212,2212 Hephaistos (1978 SB),asteroid,8581,29.4211459099,17637404.07475119,0,102667049.00265889,4,huge,,,,,1,0
2002329,2329 Orthos (1976 WA),asteroid,5218,23.4239211559,72695339.82246709,0,14632873.727370147,4,huge,,,,,1,0
2002340,2340 Hathor (1976 UA),asteroid,353,17.4915658691,11911205.968456928,1,2526.269631359236,4,large,,,,,1,0
2002368,2368 Beltrovata (1977 RA),asteroid,4014,20,100000,0,4856129.965091075,4,huge,,,,,1,0
2002608,2608 Seneca (1978 DA),asteroid,1373,17.1348117091,25771799.401042502,0,142648.92069316455,4,huge,,,,,1,0
2003102,3102 Krok (1981 QA),asteroid,2521,6.127545116,29746628.24083123,0,112924.91638744881,4,huge,,,,,1,0
2003103,3103 Eger (1982 BB),asteroid,3746,16.9574701096,26405147.011411157,0,2837420.1271592244,4,huge,,,,,1,0
2003122,3122 Florence (1981 ET3),asteroid,6570,13.9543936845,7837812.447728948,1,10366120.588251222,4,huge,,,,,1,0
2003199,3199 Nefertiti (1982 RA),asteroid,4321,13.4221932631,7046928.930383422,0,2728336.7953244965,4,huge,,,,,1,0
2003200,3200 Phaethon (1983 TB),asteroid,5696,33.877789151,22346296.40825863,1,39814225.22145152,4,huge,,,,,1,0
2003271,3271 Ul (1982 RB),asteroid,2087,13.670272508,11184173.439990127,0,318874.577924471,4,huge,,,,,1,0
2003288,3288 Seleucus (1982 DV),asteroid,3677,6.5008847543,20895360.908845857,0,394388.30604196235,4,huge,,,,,1,0
2003352,3352 McAuliffe (1981 CW),asteroid,2802,20,100000,0,1651819.5036489936,4,huge,,,,,1,0
2003360,3360 Syrinx (1981 VA),asteroid,2664,22.563779094,13338427.048959646,0,1806860.1737421777,4,huge,,,,,1,0
2003361,3361 Orpheus (1982 HR),asteroid,527,12.9576032177,22268336.09627086,1,4612.956988125066,4,large,,,,,1,0
2003362,3362 Khufu (1984 QA),asteroid,850,30.0103355297,72881438.22636625,1,103823.74371775267,4,large,,,,,1,0
2003551,3551 Verenia (1983 RD),asteroid,1948,8.0029025934,12754488.578215236,0,88871.01187759497,4,huge,,,,,1,0
2003552,3552 Don Quixote (1983 SA),asteroid,10606,11.8518831198,90060440.67815797,0,31457759.924448073,4,huge,,,,,1,0
2003553,3553 Mera (1985 JA),asteroid,2257,20,100000,0,863282.3744769946,4,huge,,,,,1,0
comet-P_2004_R1__McNaught_,P/2004 R1 (McNaught),comet,1096,0,147532224,0,0,1,huge,5.48,0.682526943,4.894555854,0.027011,0,1
comet-P_2008_S1__Catalina_McNaught_,P/2008 S1 (Catalina-McNaught),comet,1348,0,178117441,0,0,1,huge,6.74,0.6663127807,15.1007464,0.194101,0,1
comet-1P_Halley,1P/Halley,comet,10000,0.1,87661078,0,1877.1466620397903,4,huge,75.32,0.9671429085,162.2626906,0.063782,0,1
comet-2P_Encke,2P/Encke,comet,660,0.1,50278705,0,0.5396721567497915,1,large,3.3,0.8482682514,11.77999525,0.173092,0,1
comet-3D_Biela,3D/Biela,comet,1330,0,131507449,0,0,1,huge,6.65,0.751299,13.2164,0.000518,0,1
comet-5D_Brorsen,5D/Brorsen,comet,1092,0.1,88239855,0,2.444365360385257,2,huge,5.46,0.809796,29.3821,0.366559,0,1
comet-7P_Pons_Winnecke,7P/Pons-Winnecke,comet,1264,0,185383901,0,0,1,huge,6.32,0.6375275046,22.33501476,0.224191,0,1
comet-8P_Tuttle,8P/Tuttle,comet,2722,0,153654454,0,0,1,huge,13.61,0.819799747,54.98318484,0.09531,0,1
comet-12P_Pons_Brooks,12P/Pons-Brooks,comet,10000,0,115738949,0,0,1,huge,70.85,0.9548123942,74.17689423,0.1873,0,1
comet-13P_Olbers,13P/Olbers,comet,10000,0,176293703,0,0,1,huge,69.52,0.9302971475,44.60988573,0.477199,0,1
comet-15P_Finlay,15P/Finlay,comet,1302,0,145992678,0,0,1,huge,6.51,0.7201837656,6.798912616,0.009433,0,1
comet-18D_Perrine_Mrkos,18D/Perrine-Mrkos,comet,1344,0,190325604,0,0,1,huge,6.72,0.6425809824,17.75898277,0.28923,0,1
comet-20D_Westphal,20D/Westphal,comet,10000,0,187597639,0,0,1,huge,61.87,0.919831189,40.89006106,0.468283,0,1
comet-21P_Giacobini_Zinner,21P/Giacobini-Zinner,comet,1318,0,154189968,0,0,1,huge,6.59,0.7068178874,31.90810099,0.035395,0,1
comet-23P_Brorsen_Metcalf,23P/Brorsen-Metcalf,comet,10000,0.1,71620386,0,1877.1466620397903,4,huge,70.52,0.9719522579,19.33394047,0.193872,0,1
comet-24P_Schaumasse,24P/Schaumasse,comet,1650,0,180266936,0,0,1,huge,8.25,0.7048003557,11.75152976,0.28218,0,1
comet-26P_Grigg_Skjellerup,26P/Grigg-Skjellerup,comet,1048,0,162350757,0,0,1,huge,5.24,0.6402771379,22.42889388,0.079476,0,1
comet-27P_Crommelin,27P/Crommelin,comet,5614,0,111942212,0,0,1,huge,28.07,0.9189810923,28.96687279,0.215189,0,1
comet-41P_Tuttle_Giacobini_Kresak,41P/Tuttle-Giacobini-Kresak,comet,1084,0,156745303,0,0,1,huge,5.42,0.6604126649,9.228028049,0.135384,0,1
comet-45P_Honda_Mrkos_Pajdusakova,45P/Honda-Mrkos-Pajdusakova,comet,1050,0.1,79251181,0,2.1730319046438122,2,huge,5.25,0.8246720759,4.252433261,0.060071,0,1
comet-46P_Wirtanen,46P/Wirtanen,comet,1086,0,157416167,0,0,1,huge,5.43,0.6592025614,11.75713931,0.068212,0,1
comet-55P_Tempel_Tuttle,55P/Tempel-Tuttle,comet,6648,0,146071537,0,0,1,huge,33.24,0.905552721,162.4865754,0.008481,0,1
comet-66P_du_Toit,66P/du Toit,comet,2942,0,190627596,0,0,1,huge,14.71,0.7877014869,18.70073632,0.430358,0,1
comet-67P_Churyumov_Gerasimenko,67P/Churyumov-Gerasimenko,comet,1288,0,185986309,0,0,1,huge,6.44,0.6409739314,7.040200902,0.257189,0,1
comet-72P_Denning_Fujikawa,72P/Denning-Fujikawa,comet,1806,0,117308847,0,0,1,huge,9.03,0.8191545266,9.16928387,0.085253,0,1
comet-73P_Schwassmann_Wachmann_3,73P/Schwassmann-Wachmann 3,comet,1068,0,139540524,0,0,1,huge,5.34,0.6948269106,11.4234876,0.045198,0,1
comet-73P_Schwassmann_Wachmann_3_B,73P/Schwassmann-Wachmann 3-B,comet,1072,0,140489011,0,0,1,huge,5.36,0.6932855208,11.39695195,0.04071,0,1
comet-73P_Schwassmann_Wachmann_3_C,73P/Schwassmann-Wachmann 3-C,comet,1072,0,141049344,0,0,1,huge,5.36,0.6922258013,11.37915706,0.038373,0,1
comet-73P_Schwassmann_Wachmann_3_E,73P/Schwassmann-Wachmann 3-E,comet,1072,0,140238578,0,0,1,huge,5.36,0.6938774628,11.40562118,0.041033,0,1
comet-73P_Schwassmann_Wachmann_3_G,73P/Schwassmann-Wachmann 3-G,comet,1072,0,140499916,0,0,1,huge,5.36,0.6934129712,11.38956229,0.04054,0,1
comet-73P_Schwassmann_Wachmann_3_H,73P/Schwassmann-Wachmann 3-H,comet,1074,0,140497759,0,0,1,huge,5.37,0.6935658067,11.3910639,0.04055,0,1
comet-73P_Schwassmann_Wachmann_3_J,73P/Schwassmann-Wachmann 3-J,comet,1062,0,140475423,0,0,1,huge,5.31,0.6915388167,11.38026546,0.040713,0,1
comet-73P_Schwassmann_Wachmann_3_K,73P/Schwassmann-Wachmann 3-K,comet,1072,0,140483896,0,0,1,huge,5.36,0.6935434852,11.39106462,0.040579,0,1
comet-73P_Schwassmann_Wachmann_3_L,73P/Schwassmann-Wachmann 3-L,comet,1080,0,140485774,0,0,1,huge,5.4,0.694735675,11.3987128,0.040654,0,1
comet-73P_Schwassmann_Wachmann_3_M,73P/Schwassmann-Wachmann 3-M,comet,1074,0,140486884,0,0,1,huge,5.37,0.6939409383,11.39436144,0.040589,0,1
comet-73P_Schwassmann_Wachmann_3_N,73P/Schwassmann-Wachmann 3-N,comet,1066,0,140510452,0,0,1,huge,5.33,0.6922889938,11.38094121,0.040527,0,1
comet-73P_Schwassmann_Wachmann_3_P,73P/Schwassmann-Wachmann 3-P,comet,1084,0,140496208,0,0,1,huge,5.42,0.6955758994,11.40542193,0.04065,0,1
comet-73P_Schwassmann_Wachmann_3_Q,73P/Schwassmann-Wachmann 3-Q,comet,1102,0,140579475,0,0,1,huge,5.51,0.6986472444,11.4193581,0.040746,0,1
comet-73P_Schwassmann_Wachmann_3_R,73P/Schwassmann-Wachmann 3-R,comet,1076,0,140492080,0,0,1,huge,5.38,0.6940882133,11.3947263,0.04058,0,1
comet-73P_Schwassmann_Wachmann_3_S,73P/Schwassmann-Wachmann 3-S,comet,1218,0,152943863,0,0,1,huge,6.09,0.6933582332,11.04818134,0.007355,0,1
comet-73P_Schwassmann_Wachmann_3_T,73P/Schwassmann-Wachmann 3-T,comet,1178,0,140520089,0,0,1,huge,5.89,0.7119324141,11.51229958,0.041618,0,1
comet-73P_Schwassmann_Wachmann_3_U,73P/Schwassmann-Wachmann 3-U,comet,1052,0,140530793,0,0,1,huge,5.26,0.6893974588,11.35982065,0.040297,0,1
comet-73P_Schwassmann_Wachmann_3_V,73P/Schwassmann-Wachmann 3-V,comet,1026,0,136464185,0,0,1,huge,5.13,0.6934869706,11.65182376,0.043636,0,1
comet-73P_Schwassmann_Wachmann_3_W,73P/Schwassmann-Wachmann 3-W,comet,1094,0,140491105,0,0,1,huge,5.47,0.6975732498,11.41831799,0.040799,0,1
comet-73P_Schwassmann_Wachmann_3_X,73P/Schwassmann-Wachmann 3-X,comet,1080,0,140484772,0,0,1,huge,5.4,0.6947512888,11.39938737,0.040651,0,1
comet-73P_Schwassmann_Wachmann_3_Y,73P/Schwassmann-Wachmann 3-Y,comet,1226,0,140497195,0,0,1,huge,6.13,0.7195023037,11.56184126,0.042145,0,1
comet-73P_Schwassmann_Wachmann_3_Z,73P/Schwassmann-Wachmann 3-Z,comet,1076,0,140927052,0,0,1,huge,5.38,0.6933582332,11.34947201,0.040223,0,1
comet-73P_Schwassmann_Wachmann_3_AA,73P/Schwassmann-Wachmann 3-AA,comet,1008,0,140514966,0,0,1,huge,5.04,0.6806338789,11.29506494,0.039837,0,1
comet-73P_Schwassmann_Wachmann_3_AB,73P/Schwassmann-Wachmann 3-AB,comet,1062,0,140497283,0,0,1,huge,5.31,0.6912468087,11.37319386,0.040615,0,1
comet-73P_Schwassmann_Wachmann_3_AC,73P/Schwassmann-Wachmann 3-AC,comet,1082,0,140479170,0,0,1,huge,5.41,0.6953671146,11.40528019,0.040807,0,1
comet-73P_Schwassmann_Wachmann_3_AD,73P/Schwassmann-Wachmann 3-AD,comet,1074,0,140727818,0,0,1,huge,5.37,0.6933582332,11.36836584,0.040376,0,1
comet-73P_Schwassmann_Wachmann_3_AE,73P/Schwassmann-Wachmann 3-AE,comet,1090,0,140480057,0,0,1,huge,5.45,0.6967256567,11.41469069,0.040753,0,1
comet-73P_Schwassmann_Wachmann_3_AF,73P/Schwassmann-Wachmann 3-AF,comet,992,0,140799259,0,0,1,large,4.96,0.6762990182,11.23973276,0.039428,0,1
comet-73P_Schwassmann_Wachmann_3_AG,73P/Schwassmann-Wachmann 3-AG,comet,1084,0,140478272,0,0,1,huge,5.42,0.6957811465,11.40758964,0.040779,0,1
comet-73P_Schwassmann_Wachmann_3_AH,73P/Schwassmann-Wachmann 3-AH,comet,1078,0,141068790,0,0,1,huge,5.39,0.6933582332,11.33063244,0.040154,0,1
comet-73P_Schwassmann_Wachmann_3_AI,73P/Schwassmann-Wachmann 3-AI,comet,1098,0,140455656,0,0,1,huge,5.49,0.6982511274,11.43065377,0.04071,0,1
comet-73P_Schwassmann_Wachmann_3_AJ,73P/Schwassmann-Wachmann 3-AJ,comet,2028,0,140035590,0,0,1,huge,10.14,0.8001952857,12.14931754,0.046608,0,1
comet-73P_Schwassmann_Wachmann_3_AK,73P/Schwassmann-Wachmann 3-AK,comet,1070,0,140278703,0,0,1,huge,5.35,0.6933582332,11.42949727,0.040319,0,1
comet-73P_Schwassmann_Wachmann_3_AL,73P/Schwassmann-Wachmann 3-AL,comet,1106,0,140437781,0,0,1,huge,5.53,0.6998428235,11.44393328,0.040892,0,1
comet-73P_Schwassmann_Wachmann_3_AM,73P/Schwassmann-Wachmann 3-AM,comet,1058,0,139266217,0,0,1,huge,5.29,0.6933582332,11.54419805,0.04092,0,1
comet-73P_Schwassmann_Wachmann_3_AN,73P/Schwassmann-Wachmann 3-AN,comet,1080,0,140472000,0,0,1,huge,5.4,0.6947569553,11.40514157,0.040601,0,1
comet-73P_Schwassmann_Wachmann_3_AO,73P/Schwassmann-Wachmann 3-AO,comet,1076,0,140734221,0,0,1,huge,5.38,0.6937687739,11.32588494,0.040747,0,1
comet-73P_Schwassmann_Wachmann_3_AP,73P/Schwassmann-Wachmann 3-AP,comet,1116,0,140434317,0,0,1,huge,5.58,0.7014300924,11.46590929,0.040996,0,1
comet-73P_Schwassmann_Wachmann_3_AQ,73P/Schwassmann-Wachmann 3-AQ,comet,1086,0,140473363,0,0,1,huge,5.43,0.6959119088,11.41369562,0.04079,0,1
comet-73P_Schwassmann_Wachmann_3_AR,73P/Schwassmann-Wachmann 3-AR,comet,1086,0,140503032,0,0,1,huge,5.43,0.695799013,11.40652255,0.040648,0,1
comet-73P_Schwassmann_Wachmann_3_AS,73P/Schwassmann-Wachmann 3-AS,comet,1112,0,140446573,0,0,1,huge,5.56,0.7009701053,11.46096714,0.041109,0,1
comet-73P_Schwassmann_Wachmann_3_AT,73P/Schwassmann-Wachmann 3-AT,comet,1040,0,140566466,0,0,1,huge,5.2,0.6869322275,11.33462061,0.040208,0,1
comet-73P_Schwassmann_Wachmann_3_AU,73P/Schwassmann-Wachmann 3-AU,comet,1070,0,140516975,0,0,1,huge,5.35,0.6928223535,11.38220585,0.040499,0,1
comet-73P_Schwassmann_Wachmann_3_AV,73P/Schwassmann-Wachmann 3-AV,comet,1072,0,140476034,0,0,1,huge,5.36,0.6933582332,11.3951153,0.040526,0,1
comet-73P_Schwassmann_Wachmann_3_AW,73P/Schwassmann-Wachmann 3-AW,comet,994,0,140660558,0,0,1,large,4.97,0.6773014639,11.23959642,0.039791,0,1
comet-73P_Schwassmann_Wachmann_3_AX,73P/Schwassmann-Wachmann 3-AX,comet,1066,0,140324230,0,0,1,huge,5.33,0.6924701264,11.42778528,0.040309,0,1
comet-73P_Schwassmann_Wachmann_3_AY,73P/Schwassmann-Wachmann 3-AY,comet,984,0,140650931,0,0,1,large,4.92,0.675089956,11.22586964,0.039663,0,1
comet-73P_Schwassmann_Wachmann_3_AZ,73P/Schwassmann-Wachmann 3-AZ,comet,984,0,140669537,0,0,1,large,4.92,0.6750699862,11.22070941,0.039697,0,1
comet-73P_Schwassmann_Wachmann_3_BA,73P/Schwassmann-Wachmann 3-BA,comet,1018,0,140659067,0,0,1,huge,5.09,0.6824329214,11.27075096,0.040053,0,1
comet-73P_Schwassmann_Wachmann_3_BB,73P/Schwassmann-Wachmann 3-BB,comet,1022,0,140984111,0,0,1,huge,5.11,0.6824329214,11.19018461,0.040143,0,1
comet-73P_Schwassmann_Wachmann_3_BC,73P/Schwassmann-Wachmann 3-BC,comet,1110,0,140443589,0,0,1,huge,5.55,0.7004675151,11.45870615,0.040954,0,1
comet-73P_Schwassmann_Wachmann_3_BD,73P/Schwassmann-Wachmann 3-BD,comet,1028,0,141542861,0,0,1,huge,5.14,0.6824392137,10.97454826,0.040389,0,1
comet-73P_Schwassmann_Wachmann_3_BE,73P/Schwassmann-Wachmann 3-BE,comet,1018,0,140535432,0,0,1,huge,5.09,0.6824392137,11.3165548,0.039983,0,1
comet-73P_Schwassmann_Wachmann_3_BF,73P/Schwassmann-Wachmann 3-BF,comet,1034,0,140558314,0,0,1,huge,5.17,0.6856738995,11.32197626,0.040397,0,1
comet-73P_Schwassmann_Wachmann_3_BG,73P/Schwassmann-Wachmann 3-BG,comet,1028,0,140523538,0,0,1,huge,5.14,0.6847548055,11.32450054,0.040107,0,1
comet-73P_Schwassmann_Wachmann_3_BH,73P/Schwassmann-Wachmann 3-BH,comet,1018,0,140594509,0,0,1,huge,5.09,0.6824392137,11.28940623,0.040047,0,1
comet-73P_Schwassmann_Wachmann_3_BI,73P/Schwassmann-Wachmann 3-BI,comet,1018,0,140586858,0,0,1,huge,5.09,0.6824626795,11.30045753,0.040062,0,1
comet-73P_Schwassmann_Wachmann_3_BJ,73P/Schwassmann-Wachmann 3-BJ,comet,1060,0,140510237,0,0,1,huge,5.3,0.6910944882,11.37022892,0.040461,0,1
comet-73P_Schwassmann_Wachmann_3_BK,73P/Schwassmann-Wachmann 3-BK,comet,1062,0,140512289,0,0,1,huge,5.31,0.6915428054,11.37077721,0.040494,0,1
comet-73P_Schwassmann_Wachmann_3_BL,73P/Schwassmann-Wachmann 3-BL,comet,1088,0,140487310,0,0,1,huge,5.44,0.6962237189,11.4093615,0.040742,0,1
comet-73P_Schwassmann_Wachmann_3_BM,73P/Schwassmann-Wachmann 3-BM,comet,1018,0,140585626,0,0,1,huge,5.09,0.6824392137,11.29433257,0.040041,0,1
comet-73P_Schwassmann_Wachmann_3_BN,73P/Schwassmann-Wachmann 3-BN,comet,1064,0,140500188,0,0,1,huge,5.32,0.6917715065,11.37744926,0.040649,0,1
comet-73P_Schwassmann_Wachmann_3_BO,73P/Schwassmann-Wachmann 3-BO,comet,1064,0,140505173,0,0,1,huge,5.32,0.6918275631,11.37615727,0.040677,0,1
comet-73P_Schwassmann_Wachmann_3_BP,73P/Schwassmann-Wachmann 3-BP,comet,1018,0,140589576,0,0,1,huge,5.09,0.6824534537,11.29077484,0.040186,0,1
comet-73P_Schwassmann_Wachmann_3_BQ,73P/Schwassmann-Wachmann 3-BQ,comet,1068,0,140495688,0,0,1,huge,5.34,0.6924538802,11.38826125,0.040612,0,1
comet-73P_Schwassmann_Wachmann_3_BR,73P/Schwassmann-Wachmann 3-BR,comet,1032,0,140562427,0,0,1,huge,5.16,0.6851541342,11.31924783,0.040313,0,1
comet-73P_Schwassmann_Wachmann_3_BS,73P/Schwassmann-Wachmann 3-BS,comet,1100,0,140464722,0,0,1,huge,5.5,0.6985735462,11.44446449,0.040824,0,1
comet-79P_du_Toit_Hartley,79P/du Toit-Hartley,comet,1012,0,168118883,0,0,1,huge,5.06,0.61851349,3.145618792,0.134779,0,1
comet-85P_Boethin,85P/Boethin,comet,2362,0,169742339,0,0,1,huge,11.81,0.7811606262,4.295294591,0.149899,0,1
comet-96P_Machholz_1,96P/Machholz 1,comet,1056,0.1,18512565,0,2.2104971540471463,2,huge,5.28,0.9592118287,58.31221424,0.333731,0,1
comet-103P_Hartley_2,103P/Hartley 2,comet,1296,0,159201329,0,0,1,huge,6.48,0.693780472,13.60427243,0.072005,0,1
comet-104P_Kowal_2,104P/Kowal 2,comet,1178,0,176339756,0,0,1,huge,5.89,0.6385203614,10.25097305,0.202197,0,1
comet-109P_Swift_Tuttle,109P/Swift-Tuttle,comet,10000,0,143541574,0,0,1,huge,133.28,0.963225755,113.453817,0.000892,0,1
comet-122P_de_Vico,122P/de Vico,comet,10000,0.1,98635462,0,1877.1466620397903,4,huge,74.35,0.9627088868,85.38275311,0.316817,0,1
comet-141P_Machholz_2_A,141P/Machholz 2-A,comet,1046,0,112624739,0,0,1,huge,5.23,0.7501239591,12.79506334,0.105492,0,1
comet-141P_Machholz_2_D,141P/Machholz 2-D,comet,1044,0,112049657,0,0,1,huge,5.22,0.7510624112,12.81184124,0.107814,0,1
comet-161P_Hartley_IRAS,161P/Hartley-IRAS,comet,4292,0,190502924,0,0,1,huge,21.46,0.8350738463,95.69806815,0.447763,0,1
comet-162P_Siding_Spring,162P/Siding Spring,comet,1064,0,183659664,0,0,1,huge,5.32,0.5972436348,27.84477766,0.232183,0,1
comet-169P_NEAT,169P/NEAT,comet,840,0.1,90803028,0,1.1125923351776317,2,large,4.2,0.7669277193,11.30444069,0.142644,0,1
comet-177P_Barnard,177P/Barnard,comet,10000,0,165652664,0,0,1,huge,120.07,0.9545011069,31.1792882,0.31003,0,1
comet-181P_Shoemaker_Levy_6,181P/Shoemaker-Levy 6,comet,1504,0,168087126,0,0,1,huge,7.52,0.7073228279,16.98117917,0.156355,0,1
comet-182P_LONEOS,182P/LONEOS,comet,1004,0,146310077,0,0,1,huge,5.02,0.66634233,16.90929665,0.109366,0,1
comet-185P_Petriew,185P/Petriew,comet,1092,0,139427360,0,0,1,huge,5.46,0.6993210375,14.00701804,0.060833,0,1
comet-189P_NEAT,189P/NEAT,comet,998,0,176160879,0,0,1,large,4.99,0.5967955467,20.3759014,0.170302,0,1
comet-197P_LINEAR,197P/LINEAR,comet,970,0,158782191,0,0,1,large,4.85,0.6296602372,25.54272525,0.051318,0,1
comet-206P_Barnard_Boattini,206P/Barnard-Boattini,comet,1114,0,146428211,0,0,1,huge,5.57,0.6886420879,31.97414822,0.01839,0,1
comet-207P_NEAT,207P/NEAT,comet,1532,0,141219821,0,0,1,huge,7.66,0.7569889079,10.14995411,0.147585,0,1
comet-209P_LINEAR,209P/LINEAR,comet,1004,0,134887736,0,0,1,huge,5.02,0.6923704602,19.44782985,0.051186,0,1
comet-210P_Christensen,210P/Christensen,comet,1130,0.1,79483430,0,2.708529287217227,2,huge,5.65,0.8325032627,10.24010578,0.170738,0,1
comet-217P_LINEAR,217P/LINEAR,comet,1566,0,183030337,0,0,1,huge,7.83,0.689642756,12.88188017,0.306437,0,1
comet-222P_LINEAR,222P/LINEAR,comet,966,0,116800257,0,0,1,large,4.83,0.7267693964,5.14614339,0.062285,0,1
comet-225P_LINEAR,225P/LINEAR,comet,1336,0,178330463,0,0,1,huge,6.68,0.6637644633,20.70960946,0.194983,0,1
comet-249P_LINEAR,249P/LINEAR,comet,926,0.1,76382514,0,1.490497203551968,2,large,4.63,0.8161483931,8.4340952,0.052649,0,1
comet-252P_LINEAR,252P/LINEAR,comet,1068,0,149802585,0,0,1,huge,5.34,0.6724112481,10.38105211,0.017389,0,1
comet-255P_Levy,255P/Levy,comet,1060,0,150821228,0,0,1,huge,5.3,0.6681889017,18.26659348,0.024517,0,1
comet-262P_McNaught_Russell,262P/McNaught-Russell,comet,3654,0,191526651,0,0,1,huge,18.27,0.8154028826,29.07941912,0.291456,0,1
comet-263P_Gibbs,263P/Gibbs,comet,1054,0,187192126,0,0,1,huge,5.27,0.5869803961,14.4711765,0.284398,0,1
comet-273P_Pons_Gambart,273P/Pons-Gambart,comet,10000,0,121238759,0,0,1,huge,185.64,0.9750961432,136.3989719,0.171765,0,1
comet-289P_Blanpain,289P/Blanpain,comet,1082,0,149400817,0,0,1,huge,5.41,0.6757685739,5.931685399,0.016462,0,1
comet-294P_LINEAR,294P/LINEAR,comet,1146,0,194138340,0,0,1,huge,5.73,0.5945159337,19.0857983,0.393614,0,1
comet-300P_Catalina,300P/Catalina,comet,884,0,123564816,0,0,1,large,4.42,0.693462168,5.691470921,0.024454,0,1
comet-306P_LINEAR,306P/LINEAR,comet,1094,0,186536358,0,0,1,huge,5.47,0.5982594907,8.364457777,0.239208,0,1
comet-317P_WISE,317P/WISE,comet,1002,0,179276664,0,0,1,huge,5.01,0.5904467346,10.64556918,0.203854,0,1
comet-C_1906_V1__Thiele_,C/1906 V1 (Thiele),comet,10000,0,180805612,0,0,1,huge,114.56,0.9487613645,56.03318114,0.230296,0,1
comet-C_1921_H1__Dubiago_,C/1921 H1 (Dubiago),comet,3876,0,164310674,0,0,1,huge,19.38,0.8477830042,22.07043089,0.367524,0,1
comet-D_1978_R1__Haneda_Campos_,D/1978 R1 (Haneda-Campos),comet,1194,0,164769743,0,0,1,huge,5.97,0.6652319399,5.947329619,0.13492,0,1
comet-C_1991_L3__Levy_,C/1991 L3 (Levy),comet,10000,0,146988805,0,0,1,huge,51.28,0.9288178631,19.19030997,0.074988,0,1
comet-P_1999_J6__SOHO_,P/1999 J6 (SOHO),comet,1092,0.2,7339006,1,9.777461441541028,2,huge,5.46,0.9841773128,26.6131418,0.010175,0,1
comet-P_1999_R1__SOHO_,P/1999 R1 (SOHO),comet,802,0.2,8528971,0,3.8733014790869373,2,large,4.01,0.9774091221,13.67622884,0.076579,0,1
comet-P_1999_RO28__LONEOS_,P/1999 RO28 (LONEOS),comet,1324,0,184268488,0,0,1,huge,6.62,0.6507867331,8.191041706,0.247638,0,1
comet-C_1999_X3__SOHO_,C/1999 X3 (SOHO),comet,844,0.2,7173403,1,4.51424927234102,2,large,4.22,0.9816398786,6.337569475,0.031348,0,1
comet-C_2001_OG108__LONEOS_,C/2001 OG108 (LONEOS),comet,9700,0,148707446,0,0,1,huge,48.5,0.925259301,80.24505505,0.300836,0,1
comet-C_2001_W2__BATTERS_,C/2001 W2 (BATTERS),comet,10000,0,157237032,0,0,1,huge,75.91,0.9413734582,115.9130897,0.145327,0,1
comet-C_2002_R5__SOHO_,C/2002 R5 (SOHO),comet,1154,0.2,7091179,1,11.539197943157875,3,huge,5.77,0.985261262,14.12062881,0.094044,0,1
comet-P_2002_S7__SOHO_,P/2002 S7 (SOHO),comet,1158,0.2,7300162,1,11.659605999059911,3,huge,5.79,0.9848618681,13.57497488,0.114603,0,1
comet-P_2003_T12__SOHO_,P/2003 T12 (SOHO),comet,824,0.1,85994832,0,1.0502189263722261,2,large,4.12,0.7764221763,11.4758078,0.154232,0,1
comet-P_2005_T4__SWAN_,P/2005 T4 (SWAN),comet,5688,0.1,97148773,0,345.4434550035778,4,huge,28.44,0.930297059,160.0361801,0.157261,0,1
comet-P_2005_W4__SOHO_,P/2005 W4 (SOHO),comet,1062,0.2,8075347,0,8.99356229238202,2,huge,5.31,0.9822675576,14.5962755,0.107655,0,1
comet-P_2006_HR30__Siding_Spring_,P/2006 HR30 (Siding Spring),comet,4372,0,183470973,0,0,1,huge,21.86,0.8431183899,31.88449913,0.452907,0,1
comet-P_2007_T2__Kowalski_,P/2007 T2 (Kowalski),comet,1086,0,104099585,0,0,1,huge,5.43,0.7748340855,9.895275619,0.156276,0,1
comet-P_2008_Y1__Boattini_,P/2008 Y1 (Boattini),comet,2102,0,190285431,0,0,1,huge,10.51,0.7348817591,8.805148715,0.289617,0,1
comet-P_2008_Y12__SOHO_,P/2008 Y12 (SOHO),comet,1080,0.2,9785748,0,9.458656703725872,2,huge,5.4,0.9787495375,23.34562318,0.044832,0,1
comet-P_2009_L2__Yang_Gao_,P/2009 L2 (Yang-Gao),comet,1264,0,193897653,0,0,1,huge,6.32,0.6209298159,16.15851413,0.287493,0,1
comet-P_2009_WX51__Catalina_,P/2009 WX51 (Catalina),comet,1082,0,119671646,0,0,1,huge,5.41,0.7402970341,9.592585691,0.009227,0,1
comet-C_2010_L5__WISE_,C/2010 L5 (WISE),comet,4712,0,118317081,0,0,1,huge,23.56,0.9037561917,147.051681,0.113609,0,1
comet-P_2011_NO1__Elenin_,P/2011 NO1 (Elenin),comet,2624,0,185939017,0,0,1,huge,13.12,0.776521252,15.27233838,0.380652,0,1
comet-C_2011_S2__Kowalski_,C/2011 S2 (Kowalski),comet,10000,0,166819300,0,0,1,huge,65.83,0.9316035445,17.57253024,0.13779,0,1
comet-P_2012_NJ__La_Sagra_,P/2012 NJ (La Sagra),comet,4958,0,193264004,0,0,1,huge,24.79,0.8480618337,84.37545937,0.315258,0,1
comet-P_2013_CU129__PANSTARRS_,P/2013 CU129 (PANSTARRS),comet,978,0,119700391,0,0,1,large,4.89,0.7221050362,12.14763226,0.085523,0,1
comet-P_2013_TL117__Lemmon_,P/2013 TL117 (Lemmon),comet,1368,0,167201363,0,0,1,huge,6.84,0.6899137951,9.365636389,0.20162,0,1
comet-P_2014_U2__Kowalski_,P/2014 U2 (Kowalski),comet,1004,0,174176543,0,0,1,huge,5.02,0.6029487638,7.495593453,0.183671,0,1
comet-P_2015_A3__PANSTARRS_,P/2015 A3 (PANSTARRS),comet,4190,0,172614582,0,0,1,huge,20.95,0.8481676984,172.5137446,0.204591,0,1
comet-C_2015_D1__SOHO_,C/2015 D1 (SOHO),comet,2196,0.2,4236770,1,79.51612434327416,3,huge,10.98,0.9942677736,69.61628937,0.515916,0,1
comet-C_2015_F2__Polonia_,C/2015 F2 (Polonia),comet,10000,0,180945240,0,0,1,huge,182.45,0.9623991817,28.66103039,0.198704,0,1
comet-C_2015_F5__SWAN_Xingming_,C/2015 F5 (SWAN-Xingming),comet,10000,0.1,51761631,0,1877.1466620397903,4,huge,61.26,0.9777341146,149.2569445,0.441413,0,1